[{"title":"삼성","keywords":["핸드폰"],"data":[{"period":"2022-09-01","ratio":20.41331},{"period":"2022-09-02","ratio":21.03329},{"period":"2022-09-03","ratio":22.70952},{"period":"2022-09-04","ratio":22.38805},{"period":"2022-09-05","ratio":23.1458},{"period":"2022-09-06","ratio":22.1814},{"period":"2022-09-07","ratio":16.41791},{"period":"2022-09-08","ratio":19.77037},{"period":"2022-09-09","ratio":23.39839},{"period":"2022-09-10","ratio":25.05166},{"period":"2022-09-11","ratio":22.75545},{"period":"2022-09-12","ratio":26.61308},{"period":"2022-09-13","ratio":25.12055},{"period":"2022-09-14","ratio":23.12284},{"period":"2022-09-15","ratio":20.91848}]},{"title":"LG","keywords":["노트북"],"data":[{"period":"2022-09-01","ratio":81.03329},{"period":"2022-09-02","ratio":74.12169},{"period":"2022-09-03","ratio":81.65327},{"period":"2022-09-04","ratio":89.85074},{"period":"2022-09-05","ratio":100},{"period":"2022-09-06","ratio":88.26636},{"period":"2022-09-07","ratio":70.26406},{"period":"2022-09-08","ratio":61.92881},{"period":"2022-09-09","ratio":76.1194},{"period":"2022-09-10","ratio":79.74741},{"period":"2022-09-11","ratio":74.48909},{"period":"2022-09-12","ratio":77.97933},{"period":"2022-09-13","ratio":84.45464},{"period":"2022-09-14","ratio":80.84959},{"period":"2022-09-15","ratio":74.48909}]}]